First Name,Last Name,Email,Phone,Photo
Zachary,Garcia,cursus.non.egestas@adipiscing.org,550-0426,"https://hips.hearstapps.com/hmg-prod.s3.amazonaws.com/images/golden-retriever-royalty-free-image-506756303-1560962726.jpg?crop=0.672xw:1.00xh;0.166xw,0&resize=640:*"
Beau,Dorsey,enim@eunibh.com,645-2610,https://post.medicalnewstoday.com/wp-content/uploads/sites/3/2020/02/322868_1100-800x825.jpg
Lawrence,Jordan,eros@convallisest.net,778-1685,https://www.thesprucepets.com/thmb/nbwdADZp11tKzcCPHOeK8cGgL04=/1333x1000/smart/filters:no_upscale()/GettyImages-962608834-fd496cfed51e4d2abe61c0af864fa681.jpg
Allen,Barker,nullam@sedtortor.org,740-6048,https://encrypted-tbn0.gstatic.com/images?q=tbn:ANd9GcRuYnM0oropcMKqYV1pHHjJL-59O4ObYZAwDw&usqp=CAU
Miranda,Ray,ultrices.a.auctor@sed.com,633-1814,https://www.rd.com/wp-content/uploads/2021/01/GettyImages-588935825.jpg
Lydia,Soto,felis.purus@ornarefacilisis.co.uk,219-1477,https://post.healthline.com/wp-content/uploads/2020/08/3180-Pug_green_grass-732x549-thumbnail-732x549.jpg
Kristen,Cortez,nam.tempor@loremauctor.co.uk,464-8683,http://cdn.akc.org/content/article-body-image/samoyed_puppy_dog_pictures.jpg
Deanna,Hendricks,quam.a@nonmassa.com,787-6580,https://static.wikia.nocookie.net/actionmoviefranchises/images/5/5b/Two_Doggies.jpg/revision/latest?cb=20200808204032
Berk,Robbins,sapien@tristiquealiquet.ca,267-7254,https://i.ytimg.com/vi/MPV2METPeJU/maxresdefault.jpg
Tara,Hancock,mi.tempor.lorem@aliquameratvolutpat.co.uk,713-8872,https://i.ytimg.com/vi/7xh1DAKIdng/maxresdefault.jpg