First Name,Last Name,Email,Phone,Country,Photo
Hop,Weeks,dui.suspendisse@velquam.org,746-4582,Mexico,"https://hips.hearstapps.com/hmg-prod.s3.amazonaws.com/images/golden-retriever-royalty-free-image-506756303-1560962726.jpg?crop=0.672xw:1.00xh;0.166xw,0&resize=640:*"
Donovan,Curtis,ornare.sagittis.felis@mauris.edu,277-2153,Nigeria,https://post.medicalnewstoday.com/wp-content/uploads/sites/3/2020/02/322868_1100-800x825.jpg
Vielka,Alvarado,ridiculus.mus@sed.com,826-4527,Costa Rica,https://www.thesprucepets.com/thmb/nbwdADZp11tKzcCPHOeK8cGgL04=/1333x1000/smart/filters:no_upscale()/GettyImages-962608834-fd496cfed51e4d2abe61c0af864fa681.jpg
Kaye,Herman,vel.venenatis@nonummy.ca,298-2162,Turkey,https://encrypted-tbn0.gstatic.com/images?q=tbn:ANd9GcRuYnM0oropcMKqYV1pHHjJL-59O4ObYZAwDw&usqp=CAU
Kylynn,Fry,metus.facilisis.lorem@felis.ca,375-2194,Ireland,https://www.rd.com/wp-content/uploads/2021/01/GettyImages-588935825.jpg
Alisa,Rosario,vel.turpis@tinciduntdui.net,712-2323,New Zealand,https://post.healthline.com/wp-content/uploads/2020/08/3180-Pug_green_grass-732x549-thumbnail-732x549.jpg
Howard,Mercer,justo.faucibus.lectus@ipsumporta.edu,515-3649,India,http://cdn.akc.org/content/article-body-image/samoyed_puppy_dog_pictures.jpg
Damon,Hancock,est.nunc@aliquameu.ca,801-5631,Poland,https://static.wikia.nocookie.net/actionmoviefranchises/images/5/5b/Two_Doggies.jpg/revision/latest?cb=20200808204032
Rooney,White,in.magna@phasellusinfelis.net,984-2585,Chile,https://i.ytimg.com/vi/MPV2METPeJU/maxresdefault.jpg
Chandler,Patterson,fringilla.est@nislmaecenasmalesuada.com,770-4962,New Zealand,https://i.ytimg.com/vi/7xh1DAKIdng/maxresdefault.jpg
